geoid,name,total,white_alone,black_alone,american_indian_and_alaska_native,asian_alone,native_hawaiian_and_pacific_islander,other_alone,two_or_more_races,latino_alone,county,state,tract,asian_all,other_all
16051960300,"Census Tract 9603, Jefferson County, Idaho",8363.0,7649.0,13.0,4.0,37.0,0.0,0.0,223.0,437.0,051,16,960300,37.0,227.0
16027021500,"Census Tract 215, Canyon County, Idaho",5103.0,3970.0,84.0,22.0,46.0,0.0,0.0,185.0,796.0,027,16,021500,46.0,207.0
16027020100,"Census Tract 201, Canyon County, Idaho",1016.0,769.0,0.0,5.0,0.0,6.0,0.0,34.0,202.0,027,16,020100,6.0,39.0
16027020300,"Census Tract 203, Canyon County, Idaho",4872.0,3180.0,18.0,222.0,156.0,9.0,0.0,0.0,1287.0,027,16,020300,165.0,222.0
16027021600,"Census Tract 216, Canyon County, Idaho",4231.0,2623.0,34.0,29.0,0.0,0.0,0.0,108.0,1437.0,027,16,021600,0.0,137.0
16027021100,"Census Tract 211, Canyon County, Idaho",17345.0,13628.0,65.0,90.0,206.0,32.0,0.0,563.0,2761.0,027,16,021100,238.0,653.0
16035970100,"Census Tract 9701, Clearwater County, Idaho",2904.0,2767.0,3.0,0.0,0.0,6.0,0.0,67.0,61.0,035,16,970100,6.0,67.0
16051960100,"Census Tract 9601, Jefferson County, Idaho",3387.0,2384.0,6.0,5.0,33.0,0.0,0.0,17.0,942.0,051,16,960100,33.0,22.0
16057005100,"Census Tract 51, Latah County, Idaho",8223.0,7158.0,0.0,87.0,244.0,0.0,0.0,227.0,507.0,057,16,005100,244.0,314.0
16057005700,"Census Tract 57, Latah County, Idaho",3119.0,2919.0,7.0,70.0,12.0,3.0,3.0,41.0,64.0,057,16,005700,15.0,114.0
16051960200,"Census Tract 9602, Jefferson County, Idaho",3987.0,3644.0,0.0,12.0,0.0,7.0,0.0,154.0,170.0,051,16,960200,7.0,166.0
16051960400,"Census Tract 9604, Jefferson County, Idaho",11673.0,10189.0,0.0,65.0,0.0,55.0,0.0,55.0,1309.0,051,16,960400,55.0,120.0
16057005500,"Census Tract 55, Latah County, Idaho",3985.0,3770.0,55.0,5.0,22.0,5.0,0.0,95.0,33.0,057,16,005500,27.0,100.0
16057005600,"Census Tract 56, Latah County, Idaho",3588.0,3342.0,13.0,20.0,24.0,0.0,17.0,86.0,86.0,057,16,005600,24.0,123.0
16057005200,"Census Tract 52, Latah County, Idaho",6534.0,6174.0,0.0,45.0,232.0,0.0,0.0,61.0,22.0,057,16,005200,232.0,106.0
16057005300,"Census Tract 53, Latah County, Idaho",6771.0,5724.0,145.0,2.0,243.0,0.0,0.0,168.0,489.0,057,16,005300,243.0,170.0
16057005400,"Census Tract 54, Latah County, Idaho",6477.0,5514.0,56.0,69.0,234.0,7.0,17.0,169.0,411.0,057,16,005400,241.0,255.0
16017950200,"Census Tract 9502, Bonner County, Idaho",9231.0,8589.0,15.0,69.0,14.0,0.0,0.0,193.0,351.0,017,16,950200,14.0,262.0
16009950100,"Census Tract 9501, Benewah County, Idaho",4386.0,4142.0,0.0,1.0,80.0,14.0,0.0,68.0,81.0,009,16,950100,94.0,69.0
16017950500,"Census Tract 9505, Bonner County, Idaho",3424.0,3257.0,0.0,11.0,19.0,0.0,0.0,50.0,87.0,017,16,950500,19.0,61.0
16017950400,"Census Tract 9504, Bonner County, Idaho",7135.0,6760.0,0.0,12.0,14.0,0.0,0.0,53.0,296.0,017,16,950400,14.0,65.0
16017950800,"Census Tract 9508, Bonner County, Idaho",5895.0,5379.0,0.0,0.0,199.0,0.0,0.0,225.0,92.0,017,16,950800,199.0,225.0
16017950300,"Census Tract 9503, Bonner County, Idaho",3288.0,3020.0,14.0,13.0,1.0,8.0,0.0,73.0,159.0,017,16,950300,9.0,86.0
16017950100,"Census Tract 9501, Bonner County, Idaho",1998.0,1859.0,0.0,39.0,18.0,0.0,0.0,68.0,14.0,017,16,950100,18.0,107.0
16017950600,"Census Tract 9506, Bonner County, Idaho",1975.0,1837.0,0.0,0.0,13.0,0.0,0.0,79.0,46.0,017,16,950600,13.0,79.0
16017950900,"Census Tract 9509, Bonner County, Idaho",4114.0,3897.0,22.0,13.0,0.0,16.0,0.0,26.0,140.0,017,16,950900,16.0,39.0
16017950700,"Census Tract 9507, Bonner County, Idaho",4795.0,4559.0,0.0,104.0,23.0,0.0,0.0,84.0,25.0,017,16,950700,23.0,188.0
16033950100,"Census Tract 9501, Clark County, Idaho",1055.0,542.0,2.0,60.0,0.0,0.0,0.0,8.0,443.0,033,16,950100,0.0,68.0
16001002412,"Census Tract 24.12, Ada County, Idaho",4016.0,3728.0,0.0,12.0,65.0,0.0,0.0,72.0,139.0,001,16,002412,65.0,84.0
16001001500,"Census Tract 15, Ada County, Idaho",3575.0,3150.0,0.0,25.0,26.0,0.0,15.0,165.0,194.0,001,16,001500,26.0,205.0
16001001202,"Census Tract 12.02, Ada County, Idaho",6390.0,5387.0,192.0,49.0,145.0,4.0,16.0,82.0,515.0,001,16,001202,149.0,147.0
16001002410,"Census Tract 24.10, Ada County, Idaho",7420.0,6336.0,19.0,62.0,84.0,41.0,26.0,84.0,768.0,001,16,002410,125.0,172.0
16001010402,"Census Tract 104.02, Ada County, Idaho",11986.0,10050.0,0.0,25.0,305.0,188.0,53.0,498.0,867.0,001,16,010402,493.0,576.0
16001010501,"Census Tract 105.01, Ada County, Idaho",6896.0,5359.0,119.0,139.0,26.0,20.0,6.0,137.0,1090.0,001,16,010501,46.0,282.0
16001000100,"Census Tract 1, Ada County, Idaho",3881.0,3296.0,2.0,121.0,56.0,0.0,0.0,38.0,368.0,001,16,000100,56.0,159.0
16001000500,"Census Tract 5, Ada County, Idaho",6116.0,5434.0,26.0,27.0,128.0,0.0,0.0,205.0,296.0,001,16,000500,128.0,232.0
16001001400,"Census Tract 14, Ada County, Idaho",5081.0,4036.0,4.0,0.0,142.0,0.0,26.0,264.0,609.0,001,16,001400,142.0,290.0
16001001700,"Census Tract 17, Ada County, Idaho",6204.0,4561.0,295.0,0.0,205.0,0.0,0.0,279.0,864.0,001,16,001700,205.0,279.0
16001010223,"Census Tract 102.23, Ada County, Idaho",6068.0,5420.0,56.0,0.0,41.0,0.0,0.0,39.0,512.0,001,16,010223,41.0,39.0
16001000600,"Census Tract 6, Ada County, Idaho",5128.0,4324.0,86.0,24.0,64.0,0.0,0.0,63.0,567.0,001,16,000600,64.0,87.0
16001000803,"Census Tract 8.03, Ada County, Idaho",4391.0,3849.0,20.0,0.0,97.0,15.0,0.0,192.0,218.0,001,16,000803,112.0,192.0
16001001201,"Census Tract 12.01, Ada County, Idaho",3334.0,2976.0,27.0,50.0,20.0,0.0,0.0,108.0,153.0,001,16,001201,20.0,158.0
16001002221,"Census Tract 22.21, Ada County, Idaho",8699.0,7276.0,153.0,135.0,241.0,42.0,0.0,389.0,463.0,001,16,002221,283.0,524.0
16001002411,"Census Tract 24.11, Ada County, Idaho",5666.0,4707.0,20.0,40.0,124.0,30.0,12.0,293.0,440.0,001,16,002411,154.0,345.0
16001002413,"Census Tract 24.13, Ada County, Idaho",9008.0,7235.0,659.0,32.0,278.0,0.0,0.0,109.0,695.0,001,16,002413,278.0,141.0
16001010100,"Census Tract 101, Ada County, Idaho",7194.0,6637.0,0.0,0.0,237.0,0.0,0.0,197.0,123.0,001,16,010100,237.0,197.0
16001010322,"Census Tract 103.22, Ada County, Idaho",7501.0,5763.0,116.0,17.0,36.0,121.0,0.0,253.0,1195.0,001,16,010322,157.0,270.0
16043970300,"Census Tract 9703, Fremont County, Idaho",7942.0,6797.0,5.0,36.0,14.0,27.0,0.0,93.0,970.0,043,16,970300,41.0,129.0
16043970100,"Census Tract 9701, Fremont County, Idaho",1129.0,1068.0,0.0,3.0,0.0,0.0,0.0,40.0,18.0,043,16,970100,0.0,43.0
16043970200,"Census Tract 9702, Fremont County, Idaho",3818.0,3105.0,21.0,0.0,0.0,0.0,11.0,64.0,617.0,043,16,970200,0.0,75.0
16065950200,"Census Tract 9502, Madison County, Idaho",4363.0,3792.0,8.0,3.0,58.0,3.0,10.0,67.0,422.0,065,16,950200,61.0,80.0
16065950302,"Census Tract 9503.02, Madison County, Idaho",12883.0,11202.0,104.0,0.0,164.0,21.0,0.0,309.0,1083.0,065,16,950302,185.0,309.0
16065950301,"Census Tract 9503.01, Madison County, Idaho",3392.0,2950.0,77.0,0.0,102.0,0.0,0.0,85.0,178.0,065,16,950301,102.0,85.0
16065950400,"Census Tract 9504, Madison County, Idaho",6305.0,5462.0,12.0,0.0,78.0,0.0,82.0,165.0,506.0,065,16,950400,78.0,247.0
16065950100,"Census Tract 9501, Madison County, Idaho",6119.0,5669.0,33.0,0.0,35.0,0.0,0.0,51.0,331.0,065,16,950100,35.0,51.0
16065950500,"Census Tract 9505, Madison County, Idaho",5179.0,4954.0,0.0,0.0,0.0,0.0,0.0,23.0,202.0,065,16,950500,0.0,23.0
16079960200,"Census Tract 9602, Shoshone County, Idaho",3889.0,3672.0,30.0,41.0,0.0,0.0,2.0,62.0,82.0,079,16,960200,0.0,105.0
16079960400,"Census Tract 9604, Shoshone County, Idaho",4808.0,4360.0,6.0,134.0,29.0,0.0,0.0,43.0,236.0,079,16,960400,29.0,177.0
16079960300,"Census Tract 9603, Shoshone County, Idaho",3793.0,3435.0,0.0,102.0,30.0,0.0,0.0,114.0,112.0,079,16,960300,30.0,216.0
16049960100,"Census Tract 9601, Idaho County, Idaho",2066.0,1891.0,3.0,0.0,0.0,0.0,0.0,72.0,100.0,049,16,960100,0.0,72.0
16049960200,"Census Tract 9602, Idaho County, Idaho",6026.0,5812.0,0.0,63.0,0.0,0.0,0.0,34.0,117.0,049,16,960200,0.0,97.0
16049960400,"Census Tract 9604, Idaho County, Idaho",1185.0,1159.0,0.0,10.0,4.0,7.0,0.0,0.0,5.0,049,16,960400,11.0,10.0
16049960300,"Census Tract 9603, Idaho County, Idaho",2401.0,2093.0,16.0,22.0,28.0,8.0,0.0,95.0,139.0,049,16,960300,36.0,117.0
16081960100,"Census Tract 9601, Teton County, Idaho",10776.0,8741.0,20.0,20.0,13.0,0.0,0.0,150.0,1832.0,081,16,960100,13.0,170.0
16087970200,"Census Tract 9702, Washington County, Idaho",3978.0,2726.0,4.0,16.0,16.0,0.0,0.0,177.0,1039.0,087,16,970200,16.0,193.0
16087970100,"Census Tract 9701, Washington County, Idaho",1807.0,1714.0,0.0,31.0,0.0,0.0,21.0,13.0,28.0,087,16,970100,0.0,65.0
16087970300,"Census Tract 9703, Washington County, Idaho",4211.0,3424.0,0.0,28.0,84.0,0.0,0.0,27.0,648.0,087,16,970300,84.0,55.0
16031950200,"Census Tract 9502, Cassia County, Idaho",3272.0,2689.0,0.0,0.0,12.0,0.0,0.0,0.0,571.0,031,16,950200,12.0,0.0
16071960100,"Census Tract 9601, Oneida County, Idaho",4284.0,4015.0,3.0,18.0,0.0,0.0,0.0,70.0,178.0,071,16,960100,0.0,88.0
16031950100,"Census Tract 9501, Cassia County, Idaho",3166.0,2706.0,0.0,0.0,16.0,0.0,0.0,32.0,412.0,031,16,950100,16.0,32.0
16031950300,"Census Tract 9503, Cassia County, Idaho",5043.0,3661.0,0.0,0.0,0.0,9.0,0.0,0.0,1373.0,031,16,950300,9.0,0.0
16031950400,"Census Tract 9504, Cassia County, Idaho",3976.0,1832.0,1.0,18.0,22.0,3.0,0.0,116.0,1984.0,031,16,950400,25.0,134.0
16031950600,"Census Tract 9506, Cassia County, Idaho",2779.0,1685.0,10.0,98.0,11.0,0.0,0.0,87.0,888.0,031,16,950600,11.0,185.0
16031950500,"Census Tract 9505, Cassia County, Idaho",5236.0,3949.0,12.0,93.0,70.0,2.0,0.0,1.0,1109.0,031,16,950500,72.0,94.0
16045960100,"Census Tract 9601, Gem County, Idaho",4447.0,4305.0,0.0,44.0,25.0,0.0,0.0,24.0,49.0,045,16,960100,25.0,68.0
16063950100,"Census Tract 9501, Lincoln County, Idaho",5296.0,3563.0,0.0,27.0,13.0,0.0,0.0,116.0,1577.0,063,16,950100,13.0,143.0
16085970200,"Census Tract 9702, Valley County, Idaho",3373.0,3338.0,2.0,20.0,12.0,0.0,0.0,1.0,0.0,085,16,970200,12.0,21.0
16045960200,"Census Tract 9602, Gem County, Idaho",5469.0,4852.0,0.0,45.0,67.0,0.0,0.0,192.0,313.0,045,16,960200,67.0,237.0
16045960300,"Census Tract 9603, Gem County, Idaho",6934.0,5677.0,0.0,67.0,21.0,2.0,0.0,131.0,1036.0,045,16,960300,23.0,198.0
16085970300,"Census Tract 9703, Valley County, Idaho",4387.0,3962.0,0.0,1.0,0.0,0.0,0.0,9.0,415.0,085,16,970300,0.0,10.0
16085970100,"Census Tract 9701, Valley County, Idaho",2344.0,2269.0,6.0,0.0,0.0,0.0,0.0,36.0,33.0,085,16,970100,0.0,36.0
16003950200,"Census Tract 9502, Adams County, Idaho",2443.0,2338.0,13.0,22.0,0.0,8.0,13.0,30.0,19.0,003,16,950200,8.0,65.0
16003950100,"Census Tract 9501, Adams County, Idaho",1503.0,1318.0,0.0,27.0,0.0,0.0,0.0,46.0,112.0,003,16,950100,0.0,73.0
16041970100,"Census Tract 9701, Franklin County, Idaho",6286.0,5825.0,33.0,74.0,1.0,12.0,0.0,22.0,319.0,041,16,970100,13.0,96.0
16041970200,"Census Tract 9702, Franklin County, Idaho",6834.0,6156.0,0.0,0.0,1.0,0.0,0.0,115.0,562.0,041,16,970200,1.0,115.0
16053970500,"Census Tract 9705, Jerome County, Idaho",6935.0,4560.0,0.0,15.0,62.0,19.0,0.0,119.0,2160.0,053,16,970500,81.0,134.0
16053970400,"Census Tract 9704, Jerome County, Idaho",3022.0,1668.0,9.0,0.0,0.0,0.0,0.0,0.0,1345.0,053,16,970400,0.0,0.0
16053970200,"Census Tract 9702, Jerome County, Idaho",4328.0,2503.0,0.0,0.0,0.0,0.0,0.0,0.0,1825.0,053,16,970200,0.0,0.0
16053970300,"Census Tract 9703, Jerome County, Idaho",5578.0,3848.0,0.0,38.0,31.0,0.0,7.0,155.0,1499.0,053,16,970300,31.0,200.0
16053970100,"Census Tract 9701, Jerome County, Idaho",3176.0,1960.0,9.0,11.0,1.0,48.0,0.0,32.0,1115.0,053,16,970100,49.0,43.0
16055000200,"Census Tract 2, Kootenai County, Idaho",9248.0,8807.0,0.0,53.0,57.0,0.0,0.0,103.0,228.0,055,16,000200,57.0,156.0
16055000700,"Census Tract 7, Kootenai County, Idaho",17752.0,15078.0,4.0,388.0,195.0,0.0,0.0,1017.0,1070.0,055,16,000700,195.0,1405.0
16055000100,"Census Tract 1, Kootenai County, Idaho",6320.0,5939.0,0.0,48.0,7.0,9.0,0.0,93.0,224.0,055,16,000100,16.0,141.0
16055001600,"Census Tract 16, Kootenai County, Idaho",2840.0,2634.0,13.0,0.0,43.0,0.0,0.0,52.0,98.0,055,16,001600,43.0,52.0
16055001900,"Census Tract 19, Kootenai County, Idaho",2936.0,2725.0,15.0,8.0,18.0,18.0,0.0,20.0,132.0,055,16,001900,36.0,28.0
16055000500,"Census Tract 5, Kootenai County, Idaho",12806.0,12054.0,3.0,0.0,26.0,34.0,0.0,142.0,547.0,055,16,000500,60.0,142.0
16055000900,"Census Tract 9, Kootenai County, Idaho",5128.0,4704.0,4.0,31.0,49.0,0.0,0.0,130.0,210.0,055,16,000900,49.0,161.0
16055001200,"Census Tract 12, Kootenai County, Idaho",6780.0,6275.0,26.0,37.0,31.0,0.0,0.0,97.0,314.0,055,16,001200,31.0,134.0
16055001300,"Census Tract 13, Kootenai County, Idaho",4576.0,3963.0,7.0,80.0,71.0,0.0,0.0,86.0,369.0,055,16,001300,71.0,166.0
16055001500,"Census Tract 15, Kootenai County, Idaho",3505.0,3155.0,0.0,77.0,10.0,0.0,0.0,27.0,236.0,055,16,001500,10.0,104.0
16055001100,"Census Tract 11, Kootenai County, Idaho",2168.0,2066.0,0.0,14.0,0.0,0.0,0.0,22.0,66.0,055,16,001100,0.0,36.0
16055001400,"Census Tract 14, Kootenai County, Idaho",2883.0,2555.0,26.0,87.0,55.0,0.0,0.0,66.0,94.0,055,16,001400,55.0,153.0
16055001700,"Census Tract 17, Kootenai County, Idaho",4410.0,4045.0,7.0,32.0,18.0,42.0,0.0,68.0,198.0,055,16,001700,60.0,100.0
16055001800,"Census Tract 18, Kootenai County, Idaho",8519.0,8052.0,66.0,2.0,85.0,0.0,0.0,74.0,240.0,055,16,001800,85.0,76.0
16055000800,"Census Tract 8, Kootenai County, Idaho",4590.0,4290.0,63.0,66.0,0.0,0.0,0.0,113.0,58.0,055,16,000800,0.0,179.0
16055002000,"Census Tract 20, Kootenai County, Idaho",3750.0,3480.0,0.0,66.0,21.0,0.0,0.0,67.0,116.0,055,16,002000,21.0,133.0
16061950300,"Census Tract 9503, Lewis County, Idaho",19.0,19.0,0.0,0.0,0.0,0.0,0.0,0.0,0.0,061,16,950300,0.0,0.0
16001010331,"Census Tract 103.31, Ada County, Idaho",21859.0,20024.0,0.0,0.0,1148.0,0.0,0.0,102.0,585.0,001,16,010331,1148.0,102.0
16001000302,"Census Tract 3.02, Ada County, Idaho",3130.0,2737.0,0.0,0.0,123.0,0.0,10.0,87.0,173.0,001,16,000302,123.0,97.0
16001000802,"Census Tract 8.02, Ada County, Idaho",5630.0,5033.0,0.0,65.0,150.0,0.0,0.0,155.0,227.0,001,16,000802,150.0,220.0
16001001000,"Census Tract 10, Ada County, Idaho",6883.0,5805.0,6.0,128.0,157.0,0.0,0.0,195.0,592.0,001,16,001000,157.0,323.0
16001001800,"Census Tract 18, Ada County, Idaho",4405.0,3899.0,63.0,94.0,61.0,0.0,0.0,148.0,140.0,001,16,001800,61.0,242.0
16001010313,"Census Tract 103.13, Ada County, Idaho",22340.0,20254.0,147.0,0.0,752.0,0.0,0.0,166.0,1021.0,001,16,010313,752.0,166.0
16001010321,"Census Tract 103.21, Ada County, Idaho",7884.0,6200.0,412.0,0.0,200.0,0.0,0.0,102.0,970.0,001,16,010321,200.0,102.0
16001000400,"Census Tract 4, Ada County, Idaho",5795.0,4410.0,59.0,4.0,230.0,29.0,0.0,441.0,622.0,001,16,000400,259.0,445.0
16001000900,"Census Tract 9, Ada County, Idaho",6369.0,4707.0,112.0,15.0,203.0,0.0,0.0,192.0,1140.0,001,16,000900,203.0,207.0
16001002310,"Census Tract 23.10, Ada County, Idaho",10527.0,8516.0,16.0,17.0,235.0,0.0,50.0,311.0,1382.0,001,16,002310,235.0,378.0
16001010201,"Census Tract 102.01, Ada County, Idaho",11517.0,10140.0,0.0,143.0,128.0,0.0,0.0,132.0,974.0,001,16,010201,128.0,275.0
16005000900,"Census Tract 9, Bannock County, Idaho",2415.0,2124.0,68.0,29.0,0.0,0.0,0.0,0.0,194.0,005,16,000900,0.0,29.0
16005001900,"Census Tract 19, Bannock County, Idaho",4865.0,4598.0,6.0,16.0,11.0,2.0,0.0,53.0,179.0,005,16,001900,13.0,69.0
16005000400,"Census Tract 4, Bannock County, Idaho",5749.0,4944.0,8.0,62.0,115.0,0.0,0.0,131.0,489.0,005,16,000400,115.0,193.0
16005001200,"Census Tract 12, Bannock County, Idaho",3350.0,2967.0,52.0,0.0,6.0,0.0,0.0,67.0,258.0,005,16,001200,6.0,67.0
16013960300,"Census Tract 9603, Blaine County, Idaho",3675.0,3127.0,35.0,0.0,41.0,1.0,0.0,0.0,471.0,013,16,960300,42.0,0.0
16073950200,"Census Tract 9502, Owyhee County, Idaho",3641.0,2627.0,3.0,299.0,9.0,0.0,0.0,34.0,669.0,073,16,950200,9.0,333.0
16073950102,"Census Tract 9501.02, Owyhee County, Idaho",3283.0,2332.0,13.0,0.0,0.0,0.0,0.0,107.0,831.0,073,16,950102,0.0,107.0
16073950101,"Census Tract 9501.01, Owyhee County, Idaho",4460.0,2801.0,0.0,50.0,12.0,0.0,0.0,74.0,1523.0,073,16,950101,12.0,124.0
16013960500,"Census Tract 9605, Blaine County, Idaho",3013.0,2438.0,23.0,3.0,28.0,0.0,0.0,7.0,514.0,013,16,960500,28.0,10.0
16013960100,"Census Tract 9601, Blaine County, Idaho",4868.0,4116.0,6.0,5.0,98.0,0.0,0.0,89.0,554.0,013,16,960100,98.0,94.0
16013960200,"Census Tract 9602, Blaine County, Idaho",10027.0,6830.0,0.0,0.0,44.0,9.0,0.0,148.0,2996.0,013,16,960200,53.0,148.0
16015950200,"Census Tract 9502, Boise County, Idaho",6968.0,6394.0,14.0,69.0,51.0,0.0,0.0,154.0,286.0,015,16,950200,51.0,223.0
16021970200,"Census Tract 9702, Boundary County, Idaho",4983.0,4452.0,23.0,13.0,0.0,0.0,0.0,162.0,333.0,021,16,970200,0.0,175.0
16021970100,"Census Tract 9701, Boundary County, Idaho",6340.0,5842.0,2.0,131.0,57.0,49.0,0.0,66.0,193.0,021,16,970100,106.0,197.0
16023970100,"Census Tract 9701, Butte County, Idaho",2613.0,2472.0,65.0,1.0,0.0,0.0,0.0,9.0,66.0,023,16,970100,0.0,10.0
16029960200,"Census Tract 9602, Caribou County, Idaho",2626.0,2548.0,0.0,2.0,0.0,0.0,0.0,53.0,23.0,029,16,960200,0.0,55.0
16029960100,"Census Tract 9601, Caribou County, Idaho",4236.0,3869.0,0.0,4.0,0.0,0.0,6.0,9.0,348.0,029,16,960100,0.0,19.0
16047960200,"Census Tract 9602, Gooding County, Idaho",7631.0,5056.0,15.0,90.0,0.0,32.0,5.0,87.0,2346.0,047,16,960200,32.0,182.0
16047960100,"Census Tract 9601, Gooding County, Idaho",7479.0,5240.0,0.0,73.0,71.0,0.0,19.0,68.0,2008.0,047,16,960100,71.0,160.0
16001001100,"Census Tract 11, Ada County, Idaho",4153.0,2985.0,15.0,0.0,20.0,0.0,0.0,137.0,996.0,001,16,001100,20.0,137.0
16001002000,"Census Tract 20, Ada County, Idaho",4512.0,3153.0,366.0,14.0,0.0,0.0,40.0,51.0,888.0,001,16,002000,0.0,105.0
16001010221,"Census Tract 102.21, Ada County, Idaho",7862.0,7078.0,0.0,0.0,129.0,0.0,0.0,142.0,513.0,001,16,010221,129.0,142.0
16001010332,"Census Tract 103.32, Ada County, Idaho",16148.0,13726.0,51.0,0.0,313.0,32.0,0.0,443.0,1583.0,001,16,010332,345.0,443.0
16001010401,"Census Tract 104.01, Ada County, Idaho",23352.0,20656.0,0.0,15.0,177.0,0.0,46.0,796.0,1662.0,001,16,010401,177.0,857.0
16001002100,"Census Tract 21, Ada County, Idaho",2063.0,1880.0,1.0,0.0,89.0,0.0,0.0,49.0,44.0,001,16,002100,89.0,49.0
16001002302,"Census Tract 23.02, Ada County, Idaho",9674.0,6850.0,294.0,49.0,216.0,0.0,0.0,232.0,2033.0,001,16,002302,216.0,281.0
16001010333,"Census Tract 103.33, Ada County, Idaho",11831.0,10162.0,415.0,26.0,317.0,0.0,0.0,155.0,756.0,001,16,010333,317.0,181.0
16005001000,"Census Tract 10, Bannock County, Idaho",3094.0,2677.0,0.0,37.0,0.0,54.0,0.0,11.0,315.0,005,16,001000,54.0,48.0
16005001300,"Census Tract 13, Bannock County, Idaho",2563.0,2009.0,0.0,0.0,15.0,0.0,0.0,76.0,463.0,005,16,001300,15.0,76.0
16005001700,"Census Tract 17, Bannock County, Idaho",3448.0,3266.0,0.0,8.0,57.0,0.0,0.0,44.0,73.0,005,16,001700,57.0,52.0
16005000300,"Census Tract 3, Bannock County, Idaho",9106.0,7545.0,11.0,0.0,103.0,23.0,11.0,425.0,988.0,005,16,000300,126.0,436.0
16005000600,"Census Tract 6, Bannock County, Idaho",3980.0,3399.0,7.0,75.0,238.0,0.0,0.0,36.0,225.0,005,16,000600,238.0,111.0
16005001101,"Census Tract 11.01, Bannock County, Idaho",7141.0,6334.0,0.0,8.0,137.0,0.0,0.0,111.0,551.0,005,16,001101,137.0,119.0
16005001102,"Census Tract 11.02, Bannock County, Idaho",3818.0,3142.0,81.0,3.0,0.0,21.0,0.0,118.0,453.0,005,16,001102,21.0,121.0
16005001601,"Census Tract 16.01, Bannock County, Idaho",2669.0,2146.0,0.0,103.0,27.0,0.0,0.0,86.0,307.0,005,16,001601,27.0,189.0
16005000700,"Census Tract 7, Bannock County, Idaho",4225.0,3463.0,87.0,26.0,135.0,0.0,0.0,160.0,354.0,005,16,000700,135.0,186.0
16005000800,"Census Tract 8, Bannock County, Idaho",2444.0,1854.0,116.0,5.0,133.0,35.0,0.0,80.0,221.0,005,16,000800,168.0,85.0
16005001400,"Census Tract 14, Bannock County, Idaho",4277.0,3318.0,15.0,231.0,6.0,0.0,0.0,171.0,536.0,005,16,001400,6.0,402.0
16005001500,"Census Tract 15, Bannock County, Idaho",5735.0,5051.0,0.0,15.0,13.0,0.0,27.0,180.0,449.0,005,16,001500,13.0,222.0
16005001602,"Census Tract 16.02, Bannock County, Idaho",3800.0,3099.0,0.0,164.0,35.0,0.0,49.0,108.0,345.0,005,16,001602,35.0,321.0
16005000500,"Census Tract 5, Bannock County, Idaho",1924.0,1832.0,0.0,32.0,0.0,0.0,0.0,0.0,60.0,005,16,000500,0.0,32.0
16005000200,"Census Tract 2, Bannock County, Idaho",3847.0,3627.0,59.0,4.0,0.0,0.0,0.0,34.0,123.0,005,16,000200,0.0,38.0
16005001603,"Census Tract 16.03, Bannock County, Idaho",2977.0,2668.0,1.0,28.0,1.0,17.0,0.0,81.0,181.0,005,16,001603,18.0,109.0
16007950200,"Census Tract 9502, Bear Lake County, Idaho",2413.0,2275.0,22.0,13.0,11.0,0.0,0.0,18.0,74.0,007,16,950200,11.0,31.0
16011950600,"Census Tract 9506, Bingham County, Idaho",5599.0,4049.0,85.0,0.0,0.0,2.0,0.0,206.0,1257.0,011,16,950600,2.0,206.0
16007950100,"Census Tract 9501, Bear Lake County, Idaho",3529.0,3290.0,26.0,0.0,29.0,0.0,0.0,13.0,171.0,007,16,950100,29.0,13.0
16011950100,"Census Tract 9501, Bingham County, Idaho",8184.0,7001.0,0.0,0.0,64.0,0.0,0.0,97.0,1022.0,011,16,950100,64.0,97.0
16011950300,"Census Tract 9503, Bingham County, Idaho",5669.0,3569.0,0.0,25.0,20.0,0.0,0.0,119.0,1936.0,011,16,950300,20.0,144.0
16011950200,"Census Tract 9502, Bingham County, Idaho",3784.0,3508.0,0.0,4.0,4.0,0.0,0.0,12.0,256.0,011,16,950200,4.0,16.0
16011950500,"Census Tract 9505, Bingham County, Idaho",7186.0,5495.0,47.0,108.0,104.0,0.0,0.0,60.0,1372.0,011,16,950500,104.0,168.0
16011950400,"Census Tract 9504, Bingham County, Idaho",7059.0,5589.0,0.0,114.0,188.0,0.0,0.0,84.0,1084.0,011,16,950400,188.0,198.0
16011950700,"Census Tract 9507, Bingham County, Idaho",5107.0,4026.0,0.0,53.0,0.0,0.0,26.0,237.0,765.0,011,16,950700,0.0,316.0
16019970603,"Census Tract 9706.03, Bonneville County, Idaho",2180.0,1956.0,14.0,30.0,0.0,0.0,3.0,48.0,129.0,019,16,970603,0.0,81.0
16019970602,"Census Tract 9706.02, Bonneville County, Idaho",5618.0,4516.0,19.0,82.0,194.0,0.0,0.0,137.0,670.0,019,16,970602,194.0,219.0
16019970900,"Census Tract 9709, Bonneville County, Idaho",4881.0,4273.0,8.0,16.0,59.0,0.0,0.0,118.0,407.0,019,16,970900,59.0,134.0
16019971302,"Census Tract 9713.02, Bonneville County, Idaho",4877.0,3688.0,10.0,28.0,164.0,61.0,0.0,46.0,880.0,019,16,971302,225.0,74.0
16019970501,"Census Tract 9705.01, Bonneville County, Idaho",8569.0,7227.0,37.0,0.0,90.0,82.0,11.0,410.0,712.0,019,16,970501,172.0,421.0
16019970503,"Census Tract 9705.03, Bonneville County, Idaho",5420.0,4725.0,0.0,0.0,69.0,0.0,0.0,115.0,511.0,019,16,970503,69.0,115.0
16019970601,"Census Tract 9706.01, Bonneville County, Idaho",2737.0,2296.0,0.0,0.0,15.0,0.0,0.0,60.0,366.0,019,16,970601,15.0,60.0
16019971500,"Census Tract 9715, Bonneville County, Idaho",1743.0,1364.0,0.0,0.0,0.0,0.0,0.0,13.0,366.0,019,16,971500,0.0,13.0
16019971301,"Census Tract 9713.01, Bonneville County, Idaho",6357.0,5132.0,42.0,0.0,29.0,0.0,0.0,55.0,1099.0,019,16,971301,29.0,55.0
16019970502,"Census Tract 9705.02, Bonneville County, Idaho",5789.0,5156.0,0.0,0.0,71.0,15.0,16.0,112.0,419.0,019,16,970502,86.0,128.0
16019971100,"Census Tract 9711, Bonneville County, Idaho",3305.0,2665.0,44.0,0.0,32.0,21.0,9.0,111.0,423.0,019,16,971100,53.0,120.0
16019971400,"Census Tract 9714, Bonneville County, Idaho",8971.0,7747.0,0.0,48.0,67.0,0.0,0.0,118.0,991.0,019,16,971400,67.0,166.0
16019971000,"Census Tract 9710, Bonneville County, Idaho",5102.0,4306.0,2.0,0.0,17.0,0.0,0.0,142.0,635.0,019,16,971000,17.0,142.0
16019971200,"Census Tract 9712, Bonneville County, Idaho",4403.0,3318.0,17.0,13.0,24.0,0.0,0.0,23.0,1008.0,019,16,971200,24.0,36.0
16019970300,"Census Tract 9703, Bonneville County, Idaho",6701.0,6170.0,0.0,0.0,25.0,0.0,0.0,22.0,484.0,019,16,970300,25.0,22.0
16019970401,"Census Tract 9704.01, Bonneville County, Idaho",2782.0,2346.0,0.0,0.0,27.0,0.0,0.0,0.0,409.0,019,16,970401,27.0,0.0
16019970402,"Census Tract 9704.02, Bonneville County, Idaho",4553.0,4440.0,0.0,0.0,0.0,0.0,0.0,0.0,113.0,019,16,970402,0.0,0.0
16019970800,"Census Tract 9708, Bonneville County, Idaho",4037.0,3635.0,39.0,37.0,18.0,0.0,0.0,5.0,303.0,019,16,970800,18.0,42.0
16019970403,"Census Tract 9704.03, Bonneville County, Idaho",11130.0,8594.0,185.0,24.0,2.0,0.0,0.0,377.0,1948.0,019,16,970403,2.0,401.0
16019970100,"Census Tract 9701, Bonneville County, Idaho",5361.0,5145.0,0.0,0.0,12.0,0.0,19.0,29.0,156.0,019,16,970100,12.0,48.0
16019970700,"Census Tract 9707, Bonneville County, Idaho",5888.0,3612.0,133.0,46.0,12.0,0.0,0.0,127.0,1958.0,019,16,970700,12.0,173.0
16025970100,"Census Tract 9701, Camas County, Idaho",886.0,801.0,0.0,0.0,0.0,0.0,0.0,3.0,82.0,025,16,970100,0.0,3.0
16027021700,"Census Tract 217, Canyon County, Idaho",12466.0,6623.0,0.0,72.0,99.0,81.0,19.0,60.0,5512.0,027,16,021700,180.0,151.0
16027020700,"Census Tract 207, Canyon County, Idaho",3659.0,3152.0,0.0,0.0,58.0,0.0,0.0,65.0,384.0,027,16,020700,58.0,65.0
16027022100,"Census Tract 221, Canyon County, Idaho",5610.0,4007.0,0.0,13.0,32.0,0.0,0.0,73.0,1485.0,027,16,022100,32.0,86.0
16027020200,"Census Tract 202, Canyon County, Idaho",4235.0,1975.0,8.0,0.0,0.0,16.0,0.0,91.0,2145.0,027,16,020200,16.0,91.0
16027021300,"Census Tract 213, Canyon County, Idaho",2848.0,1072.0,10.0,17.0,16.0,0.0,0.0,46.0,1687.0,027,16,021300,16.0,63.0
16027021800,"Census Tract 218, Canyon County, Idaho",6819.0,5403.0,0.0,0.0,0.0,0.0,0.0,188.0,1228.0,027,16,021800,0.0,188.0
16027022300,"Census Tract 223, Canyon County, Idaho",5982.0,4852.0,0.0,1.0,19.0,0.0,3.0,57.0,1050.0,027,16,022300,19.0,61.0
16027022400,"Census Tract 224, Canyon County, Idaho",4414.0,3953.0,30.0,0.0,12.0,0.0,0.0,49.0,370.0,027,16,022400,12.0,49.0
16027021901,"Census Tract 219.01, Canyon County, Idaho",5662.0,4492.0,0.0,47.0,78.0,0.0,0.0,113.0,932.0,027,16,021901,78.0,160.0
16027021200,"Census Tract 212, Canyon County, Idaho",7619.0,4125.0,0.0,52.0,43.0,0.0,0.0,235.0,3164.0,027,16,021200,43.0,287.0
16027022200,"Census Tract 222, Canyon County, Idaho",5415.0,3383.0,0.0,17.0,9.0,0.0,10.0,74.0,1922.0,027,16,022200,9.0,101.0
16001001900,"Census Tract 19, Ada County, Idaho",4586.0,3999.0,0.0,0.0,55.0,0.0,0.0,129.0,403.0,001,16,001900,55.0,129.0
16001002222,"Census Tract 22.22, Ada County, Idaho",6257.0,4945.0,130.0,14.0,291.0,0.0,0.0,263.0,614.0,001,16,002222,291.0,277.0
16027020602,"Census Tract 206.02, Canyon County, Idaho",7580.0,5323.0,16.0,54.0,71.0,22.0,0.0,173.0,1921.0,027,16,020602,93.0,227.0
16027020402,"Census Tract 204.02, Canyon County, Idaho",5822.0,4400.0,139.0,39.0,73.0,52.0,0.0,79.0,1040.0,027,16,020402,125.0,118.0
16011940000,"Census Tract 9400, Bingham County, Idaho",2781.0,339.0,0.0,1913.0,47.0,0.0,0.0,53.0,429.0,011,16,940000,47.0,1966.0
16027020902,"Census Tract 209.02, Canyon County, Idaho",15502.0,12327.0,0.0,84.0,67.0,0.0,0.0,337.0,2687.0,027,16,020902,67.0,421.0
16059970100,"Census Tract 9701, Lemhi County, Idaho",2575.0,2404.0,1.0,24.0,17.0,0.0,0.0,70.0,59.0,059,16,970100,17.0,94.0
16059970300,"Census Tract 9703, Lemhi County, Idaho",2266.0,2051.0,1.0,22.0,0.0,3.0,0.0,57.0,132.0,059,16,970300,3.0,79.0
16059970200,"Census Tract 9702, Lemhi County, Idaho",2914.0,2783.0,13.0,3.0,0.0,0.0,9.0,47.0,59.0,059,16,970200,0.0,59.0
16083001500,"Census Tract 15, Twin Falls County, Idaho",2609.0,2121.0,0.0,0.0,0.0,0.0,0.0,9.0,479.0,083,16,001500,0.0,9.0
16083000200,"Census Tract 2, Twin Falls County, Idaho",6391.0,5308.0,60.0,70.0,38.0,0.0,0.0,31.0,884.0,083,16,000200,38.0,101.0
16083000900,"Census Tract 9, Twin Falls County, Idaho",5084.0,4467.0,82.0,0.0,148.0,0.0,0.0,23.0,364.0,083,16,000900,148.0,23.0
16083001100,"Census Tract 11, Twin Falls County, Idaho",3796.0,2728.0,77.0,160.0,13.0,3.0,0.0,80.0,735.0,083,16,001100,16.0,240.0
16083001200,"Census Tract 12, Twin Falls County, Idaho",7938.0,5519.0,178.0,62.0,50.0,0.0,0.0,58.0,2071.0,083,16,001200,50.0,120.0
16005940000,"Census Tract 9400, Bannock County, Idaho",2355.0,716.0,0.0,1393.0,14.0,0.0,0.0,50.0,182.0,005,16,940000,14.0,1443.0
16005981800,"Census Tract 9818, Bannock County, Idaho",331.0,323.0,0.0,0.0,0.0,0.0,0.0,0.0,8.0,005,16,981800,0.0,0.0
16083001000,"Census Tract 10, Twin Falls County, Idaho",9225.0,6937.0,0.0,106.0,436.0,0.0,0.0,131.0,1615.0,083,16,001000,436.0,237.0
16083000800,"Census Tract 8, Twin Falls County, Idaho",6134.0,5106.0,17.0,4.0,34.0,0.0,0.0,83.0,890.0,083,16,000800,34.0,87.0
16083000700,"Census Tract 7, Twin Falls County, Idaho",12473.0,9885.0,102.0,113.0,516.0,43.0,0.0,147.0,1667.0,083,16,000700,559.0,260.0
16083000600,"Census Tract 6, Twin Falls County, Idaho",3408.0,3056.0,2.0,16.0,0.0,0.0,2.0,39.0,293.0,083,16,000600,0.0,57.0
16083001400,"Census Tract 14, Twin Falls County, Idaho",1174.0,750.0,0.0,0.0,0.0,0.0,0.0,2.0,422.0,083,16,001400,0.0,2.0
16083001300,"Census Tract 13, Twin Falls County, Idaho",8590.0,7162.0,0.0,23.0,35.0,26.0,0.0,109.0,1235.0,083,16,001300,61.0,132.0
16083000500,"Census Tract 5, Twin Falls County, Idaho",5973.0,5460.0,0.0,23.0,23.0,0.0,0.0,91.0,376.0,083,16,000500,23.0,114.0
16083000400,"Census Tract 4, Twin Falls County, Idaho",4257.0,2942.0,9.0,53.0,14.0,0.0,0.0,31.0,1208.0,083,16,000400,14.0,84.0
16083000300,"Census Tract 3, Twin Falls County, Idaho",5196.0,4534.0,3.0,19.0,0.0,0.0,0.0,16.0,624.0,083,16,000300,0.0,35.0
16067970500,"Census Tract 9705, Minidoka County, Idaho",4304.0,2361.0,2.0,11.0,5.0,0.0,0.0,39.0,1886.0,067,16,970500,5.0,50.0
16067970400,"Census Tract 9704, Minidoka County, Idaho",4164.0,2739.0,0.0,0.0,6.0,0.0,0.0,40.0,1379.0,067,16,970400,6.0,40.0
16067970100,"Census Tract 9701, Minidoka County, Idaho",3073.0,2020.0,0.0,60.0,34.0,0.0,0.0,55.0,904.0,067,16,970100,34.0,115.0
16067970300,"Census Tract 9703, Minidoka County, Idaho",2951.0,2151.0,6.0,1.0,0.0,0.0,0.0,7.0,786.0,067,16,970300,0.0,8.0
16067970200,"Census Tract 9702, Minidoka County, Idaho",5956.0,3624.0,33.0,38.0,40.0,0.0,0.0,147.0,2074.0,067,16,970200,40.0,185.0
16037960200,"Census Tract 9602, Custer County, Idaho",4141.0,3818.0,1.0,45.0,0.0,0.0,0.0,113.0,164.0,037,16,960200,0.0,158.0
16075960300,"Census Tract 9603, Payette County, Idaho",8277.0,6357.0,62.0,19.0,105.0,0.0,0.0,396.0,1338.0,075,16,960300,105.0,415.0
16075960200,"Census Tract 9602, Payette County, Idaho",3486.0,2547.0,0.0,6.0,0.0,0.0,0.0,14.0,919.0,075,16,960200,0.0,20.0
16075960100,"Census Tract 9601, Payette County, Idaho",6225.0,5001.0,28.0,79.0,0.0,0.0,0.0,150.0,967.0,075,16,960100,0.0,229.0
16075960400,"Census Tract 9604, Payette County, Idaho",4851.0,4095.0,0.0,39.0,23.0,0.0,0.0,33.0,661.0,075,16,960400,23.0,72.0
16039960100,"Census Tract 9601, Elmore County, Idaho",2606.0,2032.0,0.0,51.0,29.0,0.0,12.0,25.0,457.0,039,16,960100,29.0,88.0
16039960500,"Census Tract 9605, Elmore County, Idaho",3070.0,2082.0,226.0,1.0,296.0,52.0,0.0,104.0,309.0,039,16,960500,348.0,105.0
16055001001,"Census Tract 10.01, Kootenai County, Idaho",6473.0,6118.0,68.0,44.0,47.0,0.0,0.0,95.0,101.0,055,16,001001,47.0,139.0
16055000601,"Census Tract 6.01, Kootenai County, Idaho",4077.0,3823.0,7.0,18.0,5.0,0.0,0.0,108.0,116.0,055,16,000601,5.0,126.0
16055000301,"Census Tract 3.01, Kootenai County, Idaho",5923.0,5384.0,16.0,76.0,38.0,0.0,0.0,19.0,390.0,055,16,000301,38.0,95.0
16055000401,"Census Tract 4.01, Kootenai County, Idaho",6101.0,5572.0,21.0,17.0,7.0,27.0,0.0,114.0,343.0,055,16,000401,34.0,131.0
16055000602,"Census Tract 6.02, Kootenai County, Idaho",6180.0,5710.0,114.0,23.0,42.0,0.0,0.0,111.0,180.0,055,16,000602,42.0,134.0
16069940000,"Census Tract 9400, Nez Perce County, Idaho",4759.0,2455.0,24.0,1673.0,22.0,0.0,0.0,292.0,293.0,069,16,940000,22.0,1965.0
16069960900,"Census Tract 9609, Nez Perce County, Idaho",3181.0,3036.0,0.0,60.0,7.0,3.0,0.0,0.0,75.0,069,16,960900,10.0,60.0
16069961000,"Census Tract 9610, Nez Perce County, Idaho",5429.0,5202.0,0.0,40.0,0.0,0.0,0.0,33.0,154.0,069,16,961000,0.0,73.0
16069960800,"Census Tract 9608, Nez Perce County, Idaho",3691.0,3344.0,0.0,98.0,19.0,13.0,0.0,53.0,164.0,069,16,960800,32.0,151.0
16069960700,"Census Tract 9607, Nez Perce County, Idaho",5601.0,5172.0,0.0,0.0,86.0,0.0,0.0,128.0,215.0,069,16,960700,86.0,128.0
16069960600,"Census Tract 9606, Nez Perce County, Idaho",4983.0,4613.0,0.0,134.0,10.0,0.0,0.0,84.0,142.0,069,16,960600,10.0,218.0
16069960500,"Census Tract 9605, Nez Perce County, Idaho",3615.0,3424.0,55.0,9.0,23.0,5.0,0.0,91.0,8.0,069,16,960500,28.0,100.0
16069960200,"Census Tract 9602, Nez Perce County, Idaho",314.0,268.0,0.0,46.0,0.0,0.0,0.0,0.0,0.0,069,16,960200,0.0,46.0
16069960400,"Census Tract 9604, Nez Perce County, Idaho",3426.0,3043.0,0.0,25.0,26.0,0.0,6.0,42.0,284.0,069,16,960400,26.0,73.0
16069960300,"Census Tract 9603, Nez Perce County, Idaho",5015.0,4350.0,63.0,74.0,158.0,0.0,0.0,219.0,151.0,069,16,960300,158.0,293.0
16035940000,"Census Tract 9400, Clearwater County, Idaho",5629.0,4996.0,16.0,178.0,46.0,24.0,0.0,98.0,271.0,035,16,940000,70.0,276.0
16039960400,"Census Tract 9604, Elmore County, Idaho",7527.0,5046.0,210.0,124.0,198.0,13.0,0.0,153.0,1783.0,039,16,960400,211.0,277.0
16055000402,"Census Tract 4.02, Kootenai County, Idaho",8237.0,7240.0,23.0,51.0,116.0,0.0,0.0,319.0,488.0,055,16,000402,116.0,370.0
16055001002,"Census Tract 10.02, Kootenai County, Idaho",4553.0,4243.0,16.0,0.0,59.0,0.0,0.0,88.0,147.0,055,16,001002,59.0,88.0
16055000302,"Census Tract 3.02, Kootenai County, Idaho",7646.0,6762.0,32.0,188.0,33.0,0.0,0.0,153.0,478.0,055,16,000302,33.0,341.0
16055940000,"Census Tract 9400, Kootenai County, Idaho",2727.0,1958.0,1.0,549.0,14.0,17.0,4.0,67.0,117.0,055,16,940000,31.0,620.0
16001010334,"Census Tract 103.34, Ada County, Idaho",6865.0,6296.0,0.0,7.0,0.0,0.0,0.0,96.0,466.0,001,16,010334,0.0,103.0
16001010224,"Census Tract 102.24, Ada County, Idaho",4953.0,4682.0,0.0,0.0,55.0,0.0,0.0,73.0,143.0,001,16,010224,55.0,73.0
16001002312,"Census Tract 23.12, Ada County, Idaho",5674.0,4505.0,129.0,23.0,155.0,0.0,0.0,65.0,797.0,001,16,002312,155.0,88.0
16001002223,"Census Tract 22.23, Ada County, Idaho",4677.0,4072.0,96.0,28.0,170.0,0.0,10.0,143.0,158.0,001,16,002223,170.0,181.0
16001010503,"Census Tract 105.03, Ada County, Idaho",4542.0,3383.0,21.0,23.0,653.0,0.0,0.0,253.0,209.0,001,16,010503,653.0,276.0
16001000804,"Census Tract 8.04, Ada County, Idaho",6708.0,5603.0,248.0,19.0,308.0,0.0,0.0,285.0,245.0,001,16,000804,308.0,304.0
16001010335,"Census Tract 103.35, Ada County, Idaho",24783.0,23186.0,56.0,37.0,332.0,0.0,0.0,389.0,783.0,001,16,010335,332.0,426.0
16001000303,"Census Tract 3.03, Ada County, Idaho",2062.0,1717.0,24.0,16.0,10.0,0.0,0.0,39.0,256.0,001,16,000303,10.0,55.0
16001000201,"Census Tract 2.01, Ada County, Idaho",3306.0,3118.0,34.0,12.0,53.0,0.0,10.0,35.0,44.0,001,16,000201,53.0,57.0
16001000701,"Census Tract 7.01, Ada County, Idaho",4927.0,4402.0,49.0,13.0,82.0,3.0,0.0,78.0,300.0,001,16,000701,85.0,91.0
16001010225,"Census Tract 102.25, Ada County, Idaho",9731.0,8765.0,70.0,37.0,86.0,0.0,12.0,161.0,600.0,001,16,010225,86.0,210.0
16001002313,"Census Tract 23.13, Ada County, Idaho",4252.0,3406.0,44.0,18.0,316.0,0.0,0.0,43.0,425.0,001,16,002313,316.0,61.0
16001002224,"Census Tract 22.24, Ada County, Idaho",6496.0,5384.0,119.0,239.0,218.0,0.0,0.0,256.0,280.0,001,16,002224,218.0,495.0
16039960300,"Census Tract 9603, Elmore County, Idaho",4048.0,2800.0,150.0,77.0,147.0,0.0,0.0,195.0,679.0,039,16,960300,147.0,272.0
16039960200,"Census Tract 9602, Elmore County, Idaho",8981.0,7280.0,164.0,113.0,145.0,0.0,0.0,207.0,1072.0,039,16,960200,145.0,320.0
16027021903,"Census Tract 219.03, Canyon County, Idaho",10937.0,9898.0,0.0,31.0,257.0,24.0,0.0,341.0,386.0,027,16,021903,281.0,372.0
16027020503,"Census Tract 205.03, Canyon County, Idaho",3362.0,2689.0,16.0,14.0,72.0,35.0,0.0,183.0,353.0,027,16,020503,107.0,197.0
16027020501,"Census Tract 205.01, Canyon County, Idaho",3692.0,2632.0,23.0,62.0,0.0,0.0,0.0,29.0,946.0,027,16,020501,0.0,91.0
16027020601,"Census Tract 206.01, Canyon County, Idaho",5713.0,4209.0,13.0,18.0,94.0,0.0,0.0,223.0,1156.0,027,16,020601,94.0,241.0
16027021904,"Census Tract 219.04, Canyon County, Idaho",3801.0,2403.0,0.0,0.0,6.0,0.0,0.0,40.0,1352.0,027,16,021904,6.0,40.0
16027021001,"Census Tract 210.01, Canyon County, Idaho",14216.0,8070.0,21.0,248.0,117.0,0.0,0.0,306.0,5454.0,027,16,021001,117.0,554.0
16027020504,"Census Tract 205.04, Canyon County, Idaho",5545.0,4208.0,4.0,11.0,19.0,0.0,14.0,183.0,1106.0,027,16,020504,19.0,208.0
16001010504,"Census Tract 105.04, Ada County, Idaho",7416.0,5703.0,225.0,0.0,459.0,0.0,0.0,361.0,668.0,001,16,010504,459.0,361.0
16027020901,"Census Tract 209.01, Canyon County, Idaho",13335.0,10835.0,82.0,152.0,97.0,0.0,0.0,153.0,2016.0,027,16,020901,97.0,305.0
16027020401,"Census Tract 204.01, Canyon County, Idaho",9342.0,5742.0,158.0,40.0,0.0,121.0,34.0,175.0,3072.0,027,16,020401,121.0,249.0
16027021002,"Census Tract 210.02, Canyon County, Idaho",10884.0,6907.0,130.0,36.0,9.0,0.0,0.0,166.0,3636.0,027,16,021002,9.0,202.0
16001000805,"Census Tract 8.05, Ada County, Idaho",3095.0,2795.0,11.0,0.0,156.0,0.0,0.0,49.0,84.0,001,16,000805,156.0,49.0
16001000304,"Census Tract 3.04, Ada County, Idaho",6864.0,5600.0,292.0,41.0,457.0,0.0,0.0,101.0,373.0,001,16,000304,457.0,142.0
16001000202,"Census Tract 2.02, Ada County, Idaho",5551.0,4832.0,86.0,0.0,81.0,0.0,57.0,184.0,311.0,001,16,000202,81.0,241.0
16001000702,"Census Tract 7.02, Ada County, Idaho",3225.0,2869.0,27.0,19.0,49.0,0.0,0.0,115.0,146.0,001,16,000702,49.0,134.0
16061940001,"Census Tract 9400.01, Lewis County, Idaho",1753.0,1423.0,4.0,172.0,22.0,1.0,0.0,41.0,90.0,061,16,940001,23.0,213.0
16077960200,"Census Tract 9602, Power County, Idaho",5880.0,3324.0,19.0,88.0,0.0,0.0,17.0,36.0,2396.0,077,16,960200,0.0,141.0
16001001600,"Census Tract 16, Ada County, Idaho",4659.0,3787.0,0.0,0.0,144.0,0.0,0.0,182.0,546.0,001,16,001600,144.0,182.0
16009940000,"Census Tract 9400, Benewah County, Idaho",4664.0,3525.0,22.0,732.0,11.0,6.0,0.0,138.0,230.0,009,16,940000,17.0,870.0
16061940002,"Census Tract 9400.02, Lewis County, Idaho",2052.0,1832.0,0.0,87.0,8.0,0.0,2.0,47.0,76.0,061,16,940002,8.0,136.0
16049940000,"Census Tract 9400, Idaho County, Idaho",4597.0,3909.0,4.0,383.0,13.0,0.0,0.0,126.0,162.0,049,16,940000,13.0,509.0
16077960100,"Census Tract 9601, Power County, Idaho",1787.0,1468.0,1.0,170.0,0.0,3.0,0.0,18.0,127.0,077,16,960100,3.0,188.0
